LATITUDE,LONGITUDE
45.50973555,-73.57107527
0,0
36,174
41.375,81.9082
41.40338,162.999987
42.570148,-78.05117
40.56229,-86.18631
45.0769,93.254
35.014638,-81.226197
23.2354403,106.4397885
23.2354403,-106.4397885
36.239849,84.684776
34.225399,-119.050667
34.5941,18.6297
35.6354543,-92.0554006
29.98217,95.24823
42.2724,83.78162
33.610274,-94.791241
33.92,84.14
41.7881,87.8103
40.66556,86.29793
36.060541,94.18483
41.6097,-86.27111
37.38064,-89.65062
45.45968,-122.77808
44.99137,-79.76287
45.50995,-73.570697
62.5825,-57.10749
40.81874864,-74.16078734
38.90394,-77.03781
30.5724,-97.4068
38.37998,86.60652
45.45115406,-75.63595402
45.470373,-73.856106
40.19299907,-83.00194018
43.53639,79.70782
41.27145,-81.87499
33,105
39.934,-85.445
43.0987,77.4419
41.676388,-86.250275
40.4478,-80.9928
38.98926,-86.5966
30.4382,84.2806
40.25531,85.50303
43.1203,-77.33951
39.1764,-84.38687
33.54647,-101.94031
43.44979,-80.48909
35.53913,76.97988
40.94822,-80.6585
38.98926,-86.5966
34.62491,92.47707
37.5703,89.3176
43.17043,80.24184
39.80414,84.20358
44.8453,79.40927
33.58497,-93.64989
40.6340948,-86.2510493
35.44663,93.37211
39.8635673,-75.0103847
33.400739,-84.577669
42.458,-72.315
43.60406,-79.68212
40.1421258,-83.1108188
34.5171483,-92.9854078
0,0
41.3406873,-81.7219885
45.384759,-73.9385638
35.5,83.09
43.125229,-77.336026
41.323471,75.790009
39.88284,-74.93876
42.783786,-81.692038
31.1541128,-97.4574825
32.99446995,-97.23712126
0,0
32.53023,-97.35999
45.479,-73.63
40.60116,73.92539
34.3719,92.5116
45.40717,73.93843
30.2357,-98.8461
42.40721,-71.12841
43.21226,-77.94682
32.764969,97.182768
37.642251,79.7918942
45.406,-73.939
43.21226,-77.94682
38.7227282,-87.6916896
0,0
43.4304,-76.5494
38.348171,-85.893989
33.93,84.11
31.12675,97.42772
35.223541,-80.840759
34.47618,-93.21751
29.3882276,-100.9043424
45.50521,73.57678
40.3601051,-80.00569432
39.64256,-89.6587
41.31322,-72.93734
0,0
40.76953415,86.234232
43.24,77.62
35.8407,86.45372
45.4024445,-73.9464423
40.6686,73.6119
41.58466,-87.50016
38.902103,-77.038855
44.090339,-77.775393
43.917889,-123.024162
39.5,-84.7
38.61938971,-90.36868307
45.4912606,-73.5792874
42.31418,-83.67531
37.3823,89.6662
37.39700304,-79.18151423
0,0
39.14483643,-86.5839386
39.0485277,-77.3498278
41.98817746,-71.18729785
32.88388214,-96.95363622
0,0
39.50895,84.72858
44.29392,-76.30949
34.44944,93.099986
38.33961,-85.65664
38.86938,77.10894
43.24022,77.63493
45.5055715,-73.583523
39.19911,84.36808
45.54346,73.60434
45.50482,73.57506
42.9910677,-78.841707
45.5055715,-73.583523
34.84428,92.2175
32.553103,-97.08953
39.1787,-84.37112
41.46231,-81.915436
39.89919,39.89919
47.468056,-53.075833
30.01464938,-99.18236292
33.5924396,-96.9341638
40.04083,78.59904
41.427978,-81.689531
39.16888,86.54201
40.075292,-75.467232
35.1186823,-77.0204442
41.31368853,-81.72636707
44.485122,73.102682
41.456251,-82.718292
44.23333,-76.5796
42.71488,-78.7316865
39.412327,-77.425461
31.67,106.26
40.039167,75.468611
41.499155,-81.55351
45.40429,73.93457
42.912189,76.326012
44.0048,-75.786751
41.084484,-83.640735
45.5013767,-73.5843568
30.33641,97.65342
43.048554,-79.350414
33.93,84.11
31.0555,97.66513
39.593,84.11391
45.50139,-73.58431
45.407476,-73.937068
40.5957,82.1111
34.232099,-118.34059
43.057232,-78.946512
28.55823,-82.32203
45.481077,-73.596328
22.12222,-100.94733
40.8281417,-81.3786027
40.662581,-86.24284
39.38431,84.50236
36.70652,76.26017
41.03347,82.51752
34.9818872,-95.3604557
37.59573,-90.63923
29.59,-95.15
31.0675945,-97.6323926
40.75813,-86.20893
45.376673,-75.772806
39.14533,-86.53547
39,84
39.3580469,-84.3671861
39.3,85.2
44.301275,-78.329622
40.8252549,-81.2482547
45.40439286,-73.93476792
40.4384,86.17432
32.8719794,-96.7169145
44.566189,-72.605698
41.7597,-73.7474
40.1934,85.3864
31.87947,91.1401
43.0771,79.0363
36.68725,-121.7893
40.20607,85.42336
42.1751,71.2557
43.9005213,-78.5952044
39.95753,77.65858
42.1912464,-70.7161732
0,0
44.43743,76.419305
43.497783,-88.09816
34.42836,-93.15424
33.337055,-92.714443
45.10529,-74.52402
31.109413,-97.4201753
31.28161,-97.4269
0,0
40.37374,-82.40614
44.965683,-70.642708
39.639973,-104.831863
40.77666,-73.3383
39.97292,-86.10256
38.03308,-78.52368
29.503596,-95.4009701
45.40479,-73.94708
30.90755,-97.76428
39.94980565,-77.64970496
34,93
39.1909238,-86.0498377
37.86,-122.02
34.870122,-82.396639
37.60602,-77.543708
45.50725318,-73.57658038
43.68336,70.28102
43.05427,73.80524
34.5078,93.0546
35.43461,97.74864
40.5547378,-74.6517476
40.04,86.02
29.758,-93.804
35.22418,-79.40881
19.620077,-99.007792
0,0
42.98704,-78.73745
43.01046,-85.66215
42.0900713,-80.0621581
32.55316,97.08885
40.33272,-74.02723
39.52,74.58
38.99285,-79.1447
0,0
39.953673,77.654229
43.24789,79.04818
44.4078317,-69.7239971
45.40388303,-73.95592473
35.108494,-77.044113
35.962639,-83.916718
37.4938997,-77.9113567
33.0270187,-96.8654908
45.509505,-73.527417
35,94
44.331919,72.474439
41.3024793,-80.7667835
40.89602,-82.16498
38.89862,77.1045
41.84164,-80.84229
40.00081,-105.25005
41.68553598,-83.54308126
40.47797,85.966599
40.4843,79.9222
41.2375,-85.8015
39.1754,84.38739
40.69901,73.74414
34.58825,93.26419
32.735687,-97.108063
31.67,-106.26
32.3475515,-95.3459613
43.98802,-78.16245
43.21447,-77.938797
41.126981,-82.564836
40.29,-79.55
45,86
43.236654,-80.327974
39.40367,-77.33918
39.34041857,-85.19972529
32.5530425,-97.0888984
38.8420653,-104.8201028
45.5023,-122.602693
42.3079,71.4362
37.639,89.623
41.1224136,-79.8037043
39,84
39.9500711,-77.6516481
45.5049406,-73.5748101
41.34767,-81.87624
41.5643699,73.6074882
39.81614,-84.89872
38.5843,86.3333
31.772543,106.460953
33.3266142,-94.3459179
45.40538,-73.94322
32.553103,-97.08953
42.4184617,-71.4514413
43.026569,-76.125767
41.0786,81.5414
37.78491,-81.20767
43.12,79.48
40.6645,-70.44678
0,0
41.083064,-81.518485
39.77,-84.199997
40.31717,75.96788
31.043382,-97.362505
41.15546,81.73973
43.10436,-79.08937
41.3152133,-81.7153024
31.74230465,-106.4174217
36.89,-121.41
45.404468,-73.941343
29.585,-99.742
38.9498717,-83.9543736
42.25,-83.62
43.46144,-76.5247
37.254773,-90.48621
39.19238,84.36877
44.44453577,-73.0852728
43.8,70.19
47.468313,-53.075415
39.9113,86.09439
39.88,74.9878
42.6767,71.4244
33.3061545,-96.6247952
39.7174127,-84.1697339
41.3686,87.2017
45.4375,73.62662
42.7973415,-73.688937
31.1557,-97.460605
31.32,97.13
32.79170449,-96.94548758
39.60763,-86.00574
44.2556,72.4246
42.79501,-73.22814
29.890661,-97.91153
41.50185147,-81.60324038
44.57611,76.49609
42.3149,83.0364
40.25402,79.89249
44.904075,-73.166448
30.95364,-97.52539
33.2146,84.3435
25.54389,-103.41898
43.2137,-77.9392
41.9926627,-80.1406661
33.18332,97.07182
44.39629,-72.48411
44.8304306,-70.3677226
43.09292,70.79547
33.326599,-94.345922
33.40112,-84.5
40.6941,-73.9856
31,97
32.553103,-97.08953
40.915373,-73.950835
41.644299,-81.3851822
40.6942342,-73.9859421
31.043382,-97.362505
26.9,-82
44.3753,73.0813
37,-96
42,73
30.0131,98.0704
41.50781,-81.5795
42.8785965,-78.881956
23.2494,106.4111
0,0
41.6752774,-81.3345535
35.01624,85.24208
39,83
35.977841,-96.48752
44.9819766,-69.8674919
39.509,84.7291
40.09244,-77.267109
43.825988,-79.408833
43.1228792,-77.3038601
39.52,74.56
45.072659,-74.681681
35.876442,-90.628599
0,0
45.404221,-73.93671
42.214344,-78.186502
38.3012805,-88.9074692
24.76499,-107.68518
41.126981,-82.564836
32.98402,-97.276534
38.554647,-76.569013
34.182026,-84.82631
40.310056,-83.1073256
42.6579328,-77.3366954
43.1323225,-77.3661773
38.4096278,-90.4134201
40.4395,86.1292
41.148488,80.873144
41.37503,83.2226
0,0
33.179187,-117.2807819
42.088058,-78.491257
39,84
45.04747,-73.43265
40.142222,-83.109167
40.6305723,-82.2382336
45.7454,85.5224
41.1126,80.3935
43.8905447,-79.37527351
45.9941698,-66.8218252
40.889697,-83.886639
0,0
0,0
39.10799,78.16451
32.434,-97.6651
31.17655,97.39055
42.10056978,-75.90652433
45.406909,-73.936754
43.7669,69.8611
35.114726,-92.428904
46.4099,65.236
3.53944,-76.30361
45.5013767,-73.5843568
39.95167,-122.341722
23.2046818,106.4288102
33.424534,-94.571307
45.40437,-73.9415848
40.43282,86.13173
39.18,84.36
40.36763,-74.29717
31.1172464,-97.4339079
40.176998,-85.477676
39.84966,84.38752
41.62816,-81.4134
0,0
37.80732,-88.98295
45.6232,111.54809
37.897193,-89.0538047
37.972998,87.56855
39.6440952,-86.835969
40.8863122,-81.4397883
33.3779749,-84.5734147
41.15954,73.76485
44.534,75.065
34.5937922,-98.4507877
39.29923163,-84.69408935
82.52231,41.06598
47.61,-122.33
39.926811,-75.024628
38.40348,-90.1091
44.09227,-77.93884
38.1748,-88.951
40.1011881,-75.4230396
41.5200846,-83.6795536
40.98864,81.10316
39.80414,84.20358
40.6608726,86.24194
40.14007217,-86.36238962
39,76
40.75736155,-86.19151201
45.40536686,-73.95972972
39.1909,84.3636
41.14156068,-81.11041552
0,0
45.40468,-73.9569
29.98847,-95.62499
33.50552,-93.53485
42.0995,-80.06116
32.98634,-96.83603
32.7967267,-96.5914152
39.7684,-86.1581
39.5512,75.034
41.7597,-73.7474
38.23135,-77.49291
19.387874,-99.071507
39.62833,-85.20359
32.553103,-97.08953
37.40419,-79.16768
40.5616298,-84.2499861
43.08889556,79.131144
23.204186,-106.4282546
39.838877,-84.1091381
32.4840082,-95.3718944
43.6359,76.1841
49.2329132,123.0068638
30.68667,97.63992
23.205,-106.429
0,0
29.93425,82.03561
25.54389,-103.41898
39.76359519,-86.11875826
43,77
39.7584797,-84.1922676
31.09848,-97.34375
44.64022,-72.91868
45.452202,-86.114021
29.5751248,-98.925751
38.0488,-87.6459
32.553103,-97.08953
34.7943251,-92.2692136
30.5515831,-87.2197267
43.02,76.08
41.507386,-81.610636
34.48081,-93.02086
45.04747,-73.43265
35.5365,78.2844
42.10806,-79.82635
40.27622,86.12977
45.511897,-73.531223
39.767232,-86.182616
44.2089913,-73.2327228
41.11068,-81.61627
32.49783,-97.36214
39.3596284,-85.993631
41.461991,71.171177
41.1421782,-81.7900439
0,0
31.67,106.26
0,0
39.6449998,-86.8874862
32.2837,97.38576
32.2837,97.38576
38.95442287,-77.01384598
29.585,-99.742
0,0
44.9822904,-93.0116983
40.8288477,-73.9029098
25.54389,-103.41898
40.6017058,-86.200581
33.86618,117.77989
30,96
27.687778,105.168889
44.7814393,-71.1378558
21.846307,102.2916386
35.2125,94.2558
40.065532,-75.193364
34.47894,89.43183
40.7543,73.679647
44.977601,-73.679647
43.0204346,-78.877876
42.5372631,-72.1758249
31.67723,106.26203
39.42334,-86.24485
42.67135,79.0123
41.29012,-81.86054
39.7628,86.3997
41.73668701,-81.26171422
43.0151,75.0354
34.58333,93.66448
42.49971,-78.43449
43.011177,75.048401
43.0115,75.004
42.3986,-78.1847
43.0151,75.0354
43.0151,75.0354
41.8,88.0748
43.0151,75.0354
43.0151,75.0054
43.0151,75.0354
43.0151,75.0354
43.0151,75.0354
43.0151,75.0354
43.011177,-75.048401
43.0151,75.0354
42.982677,-76.250399
43.19681,77.83373
43.7101,74.9735
43.0092,-76.2561
25.4220879,-100.1762521
42.98347,76.27221
40.23157,85.43023
45.97,-66.62
43.09925,76.20652
42.85078,78.80705
42.5388,-79.16486
40.26949,85.69177
41.1068,-80.6468
40.28036,85.49962
42.697093,-78.977918
43.0218,-76.30386
42.37317,79.04323
43.0151,75.0354
42.9861,-76.3419
41.4074081,-82.1989905
42.98,-76.34
40,85.4199242
42.97,-76.34
43.02642,75.05799
42.98843,76.37299
7.8324,158.5364
40.5512,85.6024
43.24086,-76.14773
41.5895922,-82.7031771
40,85.4199242
42.58542,-79.01746
42.673809,79.04202
40.25345,-85.54685
44.6344825,-75.6129557
40.275281,-85.326844
40.5163401,-83.8719442
40.1917,85.2689
45.5050014,-73.5766334
42.94527,-76.54671
42,79
42.54494,79.16966
42,78
42,79
40.1462,85.2933
42.52865,-78.6081
0,0
42.98,-76.26
40.3139,85.5005
42.99474,77.434849
42.5388,-79.16486
40.191891,-85.401695
40.267058,-85.419
42.54713,-79.16232
40.31447,85.50069
42.38345,79.03192
43.0643,77.3095
43.0151,75.0354
40.19592,85.38754
40.19592,85.38754
40.19592,85.38754
40.31447,85.50069
40.19592,85.38754
40.19592,85.38754
40,85.38754
40.1952,85.38754
40.19592,85.38754
42,73
40.3139,85.5005
40.19592,85.38754
40.19592,85.38754
40.31447,85.50069
43.0151,75.0354
43.011177,-75.048401
40.191891,-85.401695
43.0151,75.0354
43.0151,75.048401
43.0151,75.0354
43.0151,75.0354
39.46796,-86.49914
43.0151,75.0354
43,74
43.0151,75.0354
43.0151,75.0354
41.1576,81.242
43.015,75.0354
43.015,75.0354
43.00115,75.004
40.70766997,-86.34046645
44.39629,-72.48411
34.8526,82.394
31.2682,-98.93897
43.015,75.0354
38.755944,-93.738166
43.0151,75.0354
43,77
39.1754,84.38739
43.011177,-75.048401
0,0
40.3139,-85.5005
40.1805,-85.4694
44.626655,-73.144542
44.634051,-73.181914
0,0
41.87979,-80.12946
44.649082,-73.09682
40.7146988,-86.3571649
30.53242,-90.34213
44.644027,-73.107133
37.973174,-87.569014
44.6272045,-73.332618
42.544997,79.16279918
44.6453,-73.107339
44,73
41.375,81.9082
33.64843,93.52339
41.8,88.0748
45,73.073345
41.8,88.0748
44.606799,-73.212171
39.2689765,83.58978933
41.8,88.0748
41.8,88.0748
41.8,88.0748
41.3145,81.35569
40.24698268,-85.46589199
40.8,88.0748
40.197,85.2689
41.8,88.0748
41.8,88.0748
41.8,88.0748
44.638312,-73.096827
41.8,88.0748
41.8,88.0748
41.8,88.0748
41.8,88.0748
35.497664,-92.06432
41.8,88.0784
43.011177,75.048401
42.20363,-85.58727
43.0115,75.004
0,0
40.2179687,-85.4799287
41.8,88.0748
40.19592,85.38754
40.19592,85.50069
40.31447,85.50069
40.19592,85.38754
41.8,88.074
40.19592,85.38754
40.1952,85.38754
40.1952,85.38754
39.2980629,-83.5804769
43.06778,77.58651
43.09430556,-79.05988882
39.2689765,83.5897893
29.585,-99.742
44.3882,-73.2225
39.3482035,83.5799093
39.374102,-83.5098328
44.63789,73.07643
25.578994,-103.444978
37.487,-89.425
38.09036,-89.93817
39.2980629,-83.5804769
43.0870035,-76.8806987
32.553103,97.08953
0,0
38.08908,-89.94177
38.09017,-89.93875
38.0903,-89.93778
39.34483589,-83.59677546
35.81296063,-127.94893
42.603047,76.342602
38.627,90.1994
38.09177,-89.93467
44.4759,-73.212074
38.08967,-89.93566
39.8431542,-85.4809823
0,0
39.791,-86.148003
39.80611,-84.23257
41.8,88.0748
38.14223,-86.12762
41.1002055,-81.5011203
39.3482035,83.5799093
40.6609,86.2419
41.9,88.0748
40.2091,85.50395
41.8,88.0748
41.8,88.0748
41.8,88.0748
41.8,88.0748
41.8,88.0748
41.8,88.0748
41.8,88.0748
45.0524637,-76.6514157
44.649356,73.123229
34.73473,92.69596
41.8,88.0748
41.8,88.0748
35.0228708,-93.6999183
44.02833,78.53333
35.062311,-92.799773
41.8,88.0748
41.8,88.0748
45.40453,-73.95669
41.8,88.0748
34.7883119,-92.8375903
40.27764,85.84649
41.8,88.0748
41.8,88.0748
37.21604,93.27923
39.3447049,83.60139
40.26044,-85.395881
40.3139,85.5005
40.22474,-85.36106
44.679296,73.132092
40.298312,-85.473014
34.95531,92.76443
34.95616,92.79632
40.22046,85.41183
44.63245,73.112244
34.99969,92.82218
34.96117,92.78104
44.603,-73.151
34.9342,92.8051
44.627704,73.125524
34.8574,92.127
40.26474,85.41541
40.29686,85.54405
44.649226,-73.121996
44.664766,-73.127436
44.62687,-73.113924
40.37248,85.47526
44.609488,-73.1543
32.61958,-96.98376
42.84141,-78.7129
35,-95
29.71843,-99.75949
32.5318455,-97.3622535
35,-95
35,-95
0,0
35,-95
35,-95
0,0
0,0
35,-95
35,-95
37.39700304,-79.18151423
40.19592,85.38754
35,-95
40.31447,85.50069
29.91419136,-98.09297803
40.19592,85.38754
40.193378,-85.38636
40.19592,85.38754
40.31447,85.50069
40,85
40.18363,85.48829
40.31447,85.50069
40.3403,85.3508
40.1934,85.3864
35,-95
43.015,75.0354
43.011177,-75.048401
43.015,75.0354
35,-92
40.10792,85.67756
32.162238,-97.801588
40.154135,-83.027184
43.015,75.0354
43.0151,75.0354
43.015,75.0354
43.015,75.0354
42,73
43.015,75.0354
43.015,75.0354
43.015,75.0354
43.0151,75.0354
43.025,75.035
43.015,75.0354
43,75
42.976051,76.333717
29.78141,-98.2364
43.015,75.0354
40.37374,-82.40614
43.015,75.0254
43.015,75.0354
39,84
43.015,75.0354
39.6238991,-84.2730829
47,75
33.6710029,-101.5309551
7.8324,158.5364
38.5245415,-89.6144147
39.7589,84.1916
40.66351,86.2446
45.507,-73.547
39.758949,84.191605
39.5294535,-84.32276273
30.204246,-92.346005
43.7747223,74.8478056
43.94484,-73.73135
39.45,84.08
39.69292099,-84.1910774
39,84
39,84
39.6746,84.25813
39,84
39.5753981,84.1568479
31.772543,-106.460953
39.832804,-82.428601
37.13257,80.55685
39.681745,-84.177092
39.5298,84.5298
43.7101,74.9735
39.6238991,-84.2730829
39.69292925,-84.19112032
39.5294535,-84.32276273
38.6617,86.4517
41.34811,81.89213
38,89
44.04084,-79.46614
38.08804,-89.93651
32.16403,-97.81054
7.8324,158.5364
43.870127,-74.4317669
39.80087,-84.19966
29.48827,95.16801
32.84582,117.21224
39.46,84.13
38.09026,-89.93859
40.9956,82.6671
39.6238991,-84.2730829
40.31447,85.50069
39,84
39.7589,84.1916
35,-95
35,-95
35,-95
35,-95
40.19592,85.38754
35,-95
35,-95
35,-95
44.516645,-88.0696698
35,-95
0,0
35,-95
34,-92
40.19592,85.38745
39.67574,85.70534
40.19592,85.38754
40.1934,85.3864
40.22598156,-85.43239756
40.31447,85.50069
40.1934,85.3864
40.19592,-85.401695
40.3403,85.3508
41.062813,-82.451683
38.09019,-89.9385
35,-95
35,-95
38.0865,-89.93701
35,-95
35,-95
7.8324,158.5364
43.009206,-78.86701
35.00983,92.79463
39.654817,-84.224475
34.92388,92.80278
36.2093714,-95.99293368
35.01144568,92.81242458
34,-92
39.46,84.13
41.01426,-73.8727
34,-92
46.14329,-68.80871
32,-95
38.08935,-89.93209
35,-95
45.4445,73.6017
35.0252716,-93.0440652
34.98568,92.872126
42.95607,76.32649
41.35987,83.65771
35,-95
43.1159404,-79.0722875
40.320969,-82.718681
32.00302,-97.08922
35.12,92.94
42.0958687,-80.073996
42.95607,76.32649
37.13257,80.55685
41.45,86.15
0,0
42.91198,76.30296
40.863724,-82.307941
30.209722,-92.059167
7.8324,158.5364
42.97929,76.34302
35,-95
38.9378,76.9394
42.958352,-76.326055
41.745057,-86.164886
37.639,89.622
35.162767,-92.848125
28.03907,-82.68062
42.97493,76.33878
37.639,89.622
37.639,89.622
37.639,89.622
37.639,89.622
37.639,89.622
37.639,89.622
35.67833,-82.574583
37.639,89.622
37.639,89.622
37.639,89.622
37.639,89.622
35.0099,92.79451
42.70936,83.15096
40.2777208,-84.1739259
44.09116,87.65918
39.7684,86.1581
40.23,85.47
39.9491,86
32.61958,-96.98376
40.2179687,-85.4799287
37.8502,122.0322
45.505395,-73.580139
36.7783,119.4179
37.86,122.02
40.2338,-85.57139
30.32492,-98.846045
42.04103,-74.12232
37.86,-122.02
36.7783,119.4197
40.21073,85.43841
37.86,122.02
40.2694514,-85.6917777
40.31,85.5
36.9522,90.9943
37.86,122.02
36.7783,119.4179
36.7783,119.4179
37,-122
36.7783,119.4179
37.86,-122.02
38,122
37.86,-122.02
37.86,-122.02
32.86,-122.02
42.39542,79.0128
37.86,-122.02
37.86,-122.02
36.7783,119.4179
37,122.02
40.31026,-85.50064
37.8502,122.0322
37.86,-122.02
37.86,-122.02
33.89991,84.36503
37.86,-122.02
37.86,122.02
37.86,-122.02
37.86,-122.02
37.86,-122.02
37.86,-122.02
40.35233,85.46549
37.86,-122.02
37.86,-122.02
37.86,-122.02
37.86,-122.02
37.86,-122.02
37.86,-122.02
37.86,-122.22
37.86,-122.02
38.6098,90.25496
36.7783,119.4179
40.335157,-85.275721
37.709381,-89.216258
40.78194444,81.58472222
37.86,-122.02
36.7783,119.4179
13.7783,119.4179
37.86,-122.02
37.7783,119.4179
36.7783,119.4179
37.86,-122.02
40.19749,-85.42984
36.7783,119.4179
37.86,-122.02
37.86,-122.02
35,81
39,-84
36.7783,119.4179
36.7783,119.4179
38.52232,87.5734
37.86,122.02
37.8502,122.0322
37.8502,122.0322
36.7783,119.4179
35.52179,-95.311139
35,-95
35,-95
35,-95
40,83
35,-95
41.8,88.0748
40.2478025,-85.5248724
42.7378,78.9091
37.86,-122.02
40.22257,-85.42619
41.8,88.0748
38.09147,-89.93451
41.8,88.0748
41.8,88.0748
41.8,88.0748
40.307,85.2737
40.57931,-86.12789
41.6651,-83.6749
38.10585,89.92532
40.19592,85.38754
40.19592,85.38754
40.19592,85.38754
40.3139,85.5005
41.8,88.0748
37.36711994,-122.0458786
41.8,88.0748
40.31304119,-85.47190288
37.5554,90.45739
40.1496,85.6673
36.7783,119.4179
45.50431,-73.57678
41.8,88.0748
38.08893,-89.93678
41.8,88.0748
35.52179,-95.311139
41.8,88.0748
35.0099,92.79451
35.90858697,-92.66032293
32.96619,-97.00666
41.8858899,88.1093072
38.58255,90.30098
38.09205,-89.9305
32.96619,-97.00666
42.49,76.41
35,-92
43.95512,73.441116
0,0
32.96619,-97.00666
35.0099,92.79451
35.0099,92.7945
34.9963,92.85322
40.57386153,-86.19580822
38.08994,-89.93515
38.0916,-89.93479
40.559513,-85.958242
0,0
35.0099,92.79451
35.0099,92.79451
35.03231,92.92896
35.013711,-92.798945
39.68949,83.92963
44.987,70.73
0,0
42.796,77.8239
45.50467,73.57476
44.68708,73.4671
32.56868,-97.33952
44.68708,73.4671
44.68708,73.4671
35,93
40,74
34.72734,92.69826
37.13257,80.55685
42.39542,79.0128
29.585,-99.472
42.645137,-78.856616
35.271231,92.64979
37.13257,80.55685
40,88
42.62,-79.09
42.54662,79.16756
42.6492,78.90777
42.58913,-70.01365
34.77,-92.76
41.69398,-69.971801
42.31,79.04
42.9983,-76.2742
37.86,-122.02
37.86,-122.02
42.98192,76.35782
30.28799,-97.5065
42.97157,76.36376
42.54595,-79.05315
42.9828,76.3405
37.86,-122.02
37.86,-122.02
42.9008915,-76.3399604
37.86,-122.02
37.86,122.02
40.294869,-88.147624
37.86,-122.02
37.86,-122.02
43.00323,76.32187
37.8216,-122
37.86,-122.02
37.86,-122.02
37.86,-122.02
37.86,-122.02
37.86,-122.02
37.86,-122.02
37.86,-122.02
37.86,-122.02
40,88.147629
40.1628,-85.3144
37.86,-122.02
40,88
43.00323,76.32187
46.7805,65.45044
37.86,-122.02
43.015,75.0354
37.86,-122.02
37.86,-122.02
41.1384353,81.5817255
37.86,-122.02
37.86,-122.02
37.86,-122.02
43.015,75.035
42.97984,76.33576
43.015,75.0354
37.86,-122.02
37.86,-122.02
37.86,122.02
43.015,75.0354
37.86,-122.02
37.86,-122.02
37.86,-122.02
37.86,-122.02
43.015,75.0354
37.86,-122.02
41.144529,-81.887837
37.86,-122.02
43.015,75.0354
43.015,75.0354
42.937228,-77.576911
37.86,-122.02
40.822562,-82.3184082
43.2585333,-75.8972981
37.86,-122.02
43.015,75.0354
37.86,-122.02
43.19,76.25
35,-95
43.015,75.0354
43.015,75.0354
43.015,75.0354
33,-84
35,-95
35,-95
35,-95
40.33514,85.44649
40,80
45.513004,-73.532512
40.41,73.59
43.015,75
43.015,75.0354
39,-84
43.05,75.05
44.6289,-73
44.6,73.15
45.6243,-73.59758
44.644439,73.107934
45.514,73.5338
44.65,-73.12
18.92569,-99.21944
44.634373,-73.12478
44.610437,73.120461
44.636266,-73.085347
44.610437,-73.120461
44.572289,-72.773801
44.6317,-73.1477
44.65,-73.16
44.65,-72.98
36.1086219,-92.64163
40.011654,-83.048578
44,-73
44,-73
45.515667,73.534278
44.62506,-73.083194
40.6639,77.9108
39.68949,83.92963
39.68949,83.92963
44,-78
44.61598,-31.00673
42.32482,-85.56932
44.610437,-73.120461
42.54298,79.15841
40.3139,85.5005
30.6456,-98.63992
40.37923,85.50096
40.16512,-74.06046
32.62653,96.76378
40.21777,85.47969
40.35771,85.57561
40.23221,85.43079
40.31765,85.50227
42.30387,-88.45714
40.221259,-85.409571
40.3753,85.2094
40.22055,85.3996
34.44,-94.04
40.0912,85.30535
40.21097,85.43732
31.175961,-97.953588
40.23955,-85.4783
40.22239,85.52117
40.28169,85.48024
41.503623,-82.032086
17.42015,-86.474199
42.129223,-80.08506
37.86,-122.02
39.71311,83.87519
36.7783,119.4179
39.71311,83.87519
32.76534,-96.67714
37.86,-122.02
37.86,-122.02
37.86,-122.02
37.86,-122.02
45.128474,-72.295095
37.86,-122.02
37.86,-122.02
37.86,-122.02
37.86,-122.02
36.7783,119.4179
37.86,-122.02
50.2092,50.3004
37.86,-122.02
37.86,-122.02
36.7783,119.4179
37.86,-122.02
37.86,-122.02
37.86,-122.02
37.86,-122.02
37.86,-122.02
37.86,-122.02
36.7783,119.4179
37.86,-122.02
37.86,-122.02
41.8,88.0748
37.86,-122.02
36.7783,119.4179
41.15954,73.76485
37.86,-122.02
37.86,-122.02
37.86,-122.02
36.7783,194.179
41.8,88.0748
37.86,-122.02
41.8,88.0748
37.86,-122.02
36.7783,119.4179
41.8,88.0748
41.8,88.0748
36.7783,119.4179
41.8,88.0748
36.7783,119.4179
41.8,88.0748
37.86,-122.02
41.8,88.0748
41.8,88.0748
37.86,-122.02
36.7783,119.4179
41.8,88.0748
41.8,88.0748
44.46158,-72.01476
41.8,88.0748
41.8,88.0748
41.8,88.0748
41.8,88.0748
41.8,88.0748
39.238222,-90.106167
36.7783,119.4179
36.7783,119.4179
36.7783,119.4179
36.7783,119.4179
40.905612,81.501059
36.7783,119.4179
41.8,88.0748
42.2808,83.743
31.6761,-106.26399
32.61958,-96.98376
37,122
37.86,-122.02
36.7783,119.4179
36.7783,119.4179
32.961239,-96.993469
39.71311,83.87516
34.5,93.6
0,0
44.632517,-73.273573
38.0906,89.93852
44.589583,-73.129422
44.684786,73.126688
45.24,73.55
36.7783,119.4179
44.494907,73.19058
44.3626,73.0755
44,73
44.640841,-73.131888
44.681923,-73.166391
44.629304,-73.142266
44.3921,73.0743
44.626828,-73.113884
36.78,119.42
44.580902,-73.098756
32.96619,-97.00666
41.69398,-69.971801
41.69398,-69.971801
41.69398,-69.971801
39.91346,75.02242
32.96619,-97.00666
41.21696,-81.52568
44.644055,-73.107134
44.681064,73.182532
41.222964,-81.839934
44.64912,-73.096795
32.96619,-97.00666
41.69398,-69.971801
41.69398,-69.971801
41.69398,-69.971801
44.609262,-73.172539
41.69398,-69.971801
41.69398,-69.971801
40.191891,-85.401695
41.69398,-69.971801
40.350121,-85.465168
41.653728,-83.569138
44.776834,-71.658186
41.69398,-69.971801
39.3465432,83.5527518
45,-73
40.30627,85.54667
40.26279,85.4149
43,79
40.191891,-85.401695
41.69398,-69.971801
39.98874,-75.378807
41.693908,-69.971801
41.69398,-69.97801
39.3462633,83.5577151
31.175961,-97.953588
41.36619,72.01017
40.015081,-85.37493
40.28767,85.45713
44.24329953,-76.08622755
39.4858,80.163
25.5524758,-103.3513172
40.294,88.147
39.40255,85.62414
40.58173,-86.28254
40.294869,-88.147624
40.4567689,80.0562864
41.8,88.0748
40.294743,-88.7477
31.4441,97.4092
40.294743,-88.1477
41.8,88.0748
40.6609,86.2419
41.8,88.0748
41.8,88.0748
39.62191,-86.311302
41.8,88.0748
37.86,-122.02
41.8,88.0748
41.8,88.0748
41.8,88.0748
37.86,-122.02
41.8,88.0748
37.86,-122.02
38.0901275,-89.93331622
37.86,-122.02
41.8,88.0748
41.8,88.0748
37.86,-122.02
38.0909,-89.93402
37.86,-122.02
36.7783,119.4179
37.86,-122.02
40.4567689,80.0562864
37.86,-122.02
37.86,-122.02
37.86,-122.02
37.86,-122.02
41.42684471,-83.85444106
42.3314,83.0458
41.8,88.0748
37.86,-122.02
41.8,88.0748
37.86,-122.02
41.8,88.0748
41.8,88.0748
37.86,-122.02
37.86,-122.02
37.86,-122.02
41.8,88.0748
37.86,-122.02
40.57885183,-85.87152129
36.7783,119.7783
41.8,88.0748
37.86,-122.02
37.86,-122.02
37.86,-122.02
37.86,-122.02
36.7783,119.4179
37.86,-122.02
37.8502,122.0322
36.7783,119.4179
37.86,-122.02
40.4567689,80.0562864
40.33773,85.46258
37.86,-122.02
40.71456662,-86.29924206
37.86,-122.02
43.32239,-76.57855
36.7783,119.4179
36.7783,119.4179
37.86,-122.02
36.7783,119.41179
40.66383042,-86.20063843
37.86,-122.02
40.294743,-88.1477
36.7783,119.4179
36.7783,119.4179
43.1686125,-79.4754421
36.7783,119.4179
40.28,85.44
36.7783,119.4179
40.7572891,-73.29398451
40.7572891,-73.2939845
40.7572891,-73.2939845
37.85736,122.02098
37.86,-122.02
40.66383042,-86.20063843
36.7783,119.4179
40.7572891,-73.2939845
36.7783,119.4179
36.7783,119.4179
38.09168,-89.93302
37.86,-122.02
40.7572891,-73.2939845
40.7572891,-73.2939845
40.7572891,-73.2939845
41.126981,-82.564836
38.09036,-89.93851
36.7783,119.4179
40.7572891,-73.2939845
40.7572891,-73.2939845
40.76996,73.26227
41.05501065,-86.58790779
40.7572891,-73.2939845
40.484693,-85.966432
40.484693,-85.966432
45.0769,93.254
40.7572891,-73.29393845
40.7572891,-73.2939845
36.7783,119.4179
38.09008,-89.93455
36.7783,119.4179
36.7783,119.4179
36.7783,119.4179
45.0769,93.254
32.51796,-97.24891
40.7572891,-73.2939845
36.7783,119.4179
45.0769,93.254
45.0769,93.254
45.0769,93.254
45.0769,93.254
45.0769,93.254
45.0769,93.254
36.7783,119.4179
45.0769,93.254
41.69398,-69.971801
41.69398,-69.971801
38.4346884,-89.5441244
41.69398,-69.971801
41.69398,-69.971801
41.69398,-69.971801
41.69398,-69.971801
41.8,88.0748
41.69398,-69.971801
41.69398,-69.978101
41.69398,-69.971801
41.69398,-69.971801
41.8,88.07148
41.69398,-69.971801
41.8,88.0748
41.69398,-69.971801
41.8,88.0748
40.77127,73.27815
41.8,88.0748
41.8,88.0748
40.4567689,-80.0562864
41.8,88.0748
41.8,88.0748
41.8,88.0748
41.8,88.0748
41.69398,-69.971801
41.8,88.0748
40.294869,-88.147624
39.4231,85.0127
41.8,88.0748
41.69398,-69.971801
40.294749,-88.147658
40.4567689,-80.0562864
41.8,88.0748
41.8,88.0748
40.4567689,-80.0562864
41.8,88.0748
41.8,88.0748
39,84
40.4567689,-80.0562864
39,84
40.4567689,-80.0562864
0,0
40.4567689,-80.0562864
40.294749,-88.146758
40.9740899,-83.98858
40.4567689,-80.0562864
45.4252428,-73.864946
40.685207,-80.116287
40.4567689,-80.0562864
40.4567689,-80.0562864
42.0823,87.91788
40.456789,80.0562864
40.4567689,-80.0562864
35.8499492,-78.8909997
25.22527,-104.17565
39,84
40.4567689,-80.0562864
40.4567689,-80.0562864
0,0
40.4567689,-80.0562864
40.294749,-88.147658
27.9899,81.6914
39.54984,75.17627
40.4567689,-80.0562864
30.769,86.008
25.22295,104.10879
30.2769,87.008
30.2769,86.008
30.2769,86.008
42.683651,-75.520982
30.2769,86.008
39,-86
30.2769,86.008
43.04,88.13
42.2851,78.6728
38.08935,-89.93405
30.2769,86.008
38.0901275,-89.93331622
37.86,-122.02
37.86,-122.02
37.86,-122.02
37.86,-122.02
37.86,-122.02
37.86,-122.02
37.86,-122.02
37.86,-122.02
37.86,-122.02
37.86,-122.02
36.7783,119.4179
36.7783,119.4179
37.86,-122.02
41.1792081,-81.6296005
37.86,-122.02
37.86,-122.02
37.86,-122.02
37.86,-122.02
37.86,-122.02
37.86,-122.02
37.86,-122.02
42.705,81.336
37.86,-122.02
37.13257,80.55685
36.7783,119.4179
37.86,-122.02
37.86,-122.02
36.7783,119.4179
37.86,-122.02
36.7783,119.4179
0,0
36.77883,119.4179
36.77883,119.4179
37.86,-122.02
36.7783,119.4179
44.3644,73.0647
37.86,-122.02
37.86,-122.02
0,0
37.86,-122.02
36.7783,119.4179
45.398472,-72.723106
37.86,-122.02
0,0
37.86,-122.02
32.52144,97.29722
36.7783,119.4179
37.86,-122.02
32.52046,97.36071
36.7783,119.4179
37.86,-122.02
36.7783,119.4179
37.86,-122.02
36.7783,119.4179
45.40537429,-73.95979774
36.7783,119.4179
37.86,-122.02
35.54,93.63
0,0
36.7783,119.4179
41.40338,-162.999987
0,0
40.03732,75.45233
81.38852,40.82001
36.7783,119.4179
35,-97
35.54,-97.63
41.29356,81.90953
36.109769,-97.061823
36.7783,119.4179
36.7783,119.4179
32.1795,-97.797187
36.7783,119.4179
45.404326,-73.934794
36.7783,119.4179
36.7783,119.4179
0,0
39.5185002,-83.917589
36.7783,119.4179
43.1852003,-77.8096331
36.7783,119.4179
43.6743383,-79.3469311
36.7783,119.4179
36.7783,119.4179
36.7783,119.4179
36.7783,119.4179
36.7783,119.4179
36.7783,119.3179
36.7783,119.4179
37.86,122.02
36.7783,119.4179
36.7783,119.4179
36.7783,119.4179
35.006536,-92.79306
36.7783,119.4179
36.7783,119.4179
34.9698101,-92.7545903
32.524074,-97.295853
35.0973794,-92.7851001
42.0887028,-80.1304762
42.755781,-72.273754
35,92
32.768799,-97.309341
36.7783,119.4179
29.3987715,-100.0013294
36.7783,119.4179
36.7783,119.4179
37.86,-122.02
37.86,-122.02
36.7783,119.4179
36.7783,119.4179
37.86,-122.02
37.86,-122.02
37.327332,-89.583684
37.86,-122.02
37.86,-122.02
37.86,-122.02
37.86,-122.02
37.86,-122.02
37.86,-122.02
37.86,-122.02
37.86,-122.02
42.0272,-80.1682
37.86,-122.02
37.86,-122.02
37.86,-122.02
37.86,-122.02
37.86,-122.02
37.86,-122.02
25.28965,-104.138705
36.7783,119.4179
36.7783,119.4179
37.86,-122.02
36.7783,119.4179
36.7783,119.4179
37.86,-122.02
36.7783,119.4179
36.7783,119.44179
37.86,-122.02
37.86,-122.02
36.7783,119.4179
37.86,-122.02
40.12933075,-83.12803991
45.5051302,-73.5844363
36.7783,119.4179
37.86,-122.02
37.86,-122.02
36.7783,119.4179
37.86,-122.02
36.7783,119.4179
36.7783,119.4179
43.2104,77.9508
37.86,-122.02
37.8502,122.0322
36.778,119.4179
41.51061,82.01858
37.86,-122.02
36.7783,119.4179
36.7783,119.4179
38.861451,-77.122683
41.4552089,-81.7873659
45.404167,-73.941556
39.497629,-84.985822
38.09129,-89.93893
45.37878,72.74101
33.154011,-97.064735
45.505891,73.580146
33.154011,-97.064735
32.60104,-97.29997
45.5048,73.5772
35.96269,-81.54139
34.90687,-86.08699
38.2109599,-86.1344697
41.16511,-78.26621
30.3254519,-98.8458519
37.5,220
34.367367,-93.766043
39.52,74.58
32.550067,-97.355196
43.701,74.9971
39,86
44.694229,-75.486336
39.79943,-83.89333
41.7597,-73.7474
36.7783,119.4179
32.9183305,-96.797242
32.553103,-97.08953
40.7799965,-81.9262852
45,72.39
42.39743,-71.12372
41.12224,81.58616
42.4588,-77.9389
39.9612,82.9988
37.13257,80.55685
45.425376,-73.826353
37.13257,80.55685
44.484063,-73.226325
40.45029,-86.10527
41.24,-83.52
41.418139,-81.948811
40.450298,-86.10527
44.5070232,-74.0236966
45.403889,-73.952499
45.40521,73.94192
30.6933399,-98.67841
39.82061,-86.31959
45.404108,-73.941716
45.5095,-73.5274
35,93
42.986202,-85.649835
45.1833,69.2271
0,0
39.828354,-84.894196
42.44,71.35
40.68956,-84.15565
25.559297,-103.412421
38.95442287,-77.01384598
42.06,80.06
34.48787,-92.98982
31.97425,-81.025937
32,122
29.438058,-100.181211
31.67,106.26
43.0155389,-78.675563
41.65822,81.40864
29.589227,95.671201
39.71308,83.87513
39.823477,-86.138772
33.4005413,-84.5803945
43.94839,-76.127972
32.246654,-97.67542
44.7992,72.4476
41.68068,-86.23977
40.310791,-79.54715
0,0
29.460753,-98.682344
45.407668,-73.933277
44.3527481,-72.7383307
41.10571,-80.64253
45.504634,-73.576112
45.4029,-73.9407
33.9547,118.212
42.78018,-72.0576
39.798333,-86.232778
40.741895,-73.989308
33.68809113,-116.4075896
38.72921,-87.68169
40.948168,-82.836654
43.8746,72.808
41.54972,-70.56231
43.05772,75.03806
43,73
43.70982,-74.97456
43.48399,-75.32533
43.02968,-75.00254
43.02968,-75.00254
43.02968,-75.00254
43.02968,-75.00254
43.48399,-75.32533
42.58,-82.25
43.029682,-75.002541
43.48399,-75.32533
43.02968,-75.00254
43.33616,-75.74083
43.48399,-75.32533
43.48399,-75.32533
43.48399,-75.32533
44.4868856,-71.5697194
43.0286,77.7279
40.2482708,-82.8628554
41.72348,-83.57596
43.028751,-75.995547
43.02968,75.00254
40.413367,-84.780747
37.398235,-79.1816
35.829212,-93.607781
41.4866,-81.42841
46.8666,-82.774731
39.34083,-83.5294594
40.964472,-82.959168
41.04643,-82.959292
0,0
43.94839,-83.18996
40.573436,82.51285
41.070941,-82.902281
40.957546,-82.852055
40.907743,-82.774867
40.960634,-82.8550272
43,-75
41.049863,83.013832
40.93283,-82.79969
40.959138,82.854069
43.02968,-75.00254
43.02968,-75.00254
41.653728,-83.56138
43.70982,-74.97456
43.02968,-75.00254
43.48399,-75.32533
43.48399,-75.32533
43.48399,75.32533
43.48399,-75.32533
43.48399,-75.32533
43.48399,-75.32533
43.02968,-75.00254
41.69398,-69.971801
43.48399,-75.32533
43.02968,-75.00254
41.653728,-83.569138
34.72543,-92.33789
41.653728,-83.569138
41.653728,-83.569138
41.653728,-83.569138
41.653728,-83.569138
41.653728,-83.569138
39.950917,-77.649128
41.653728,-83.569138
41.653728,-83.569138
41.653728,-83.569138
41.653728,83.569138
40.950562,82.942807
41.653728,-83.569138
0,0
40.955713,-82.943149
40.950181,82.943477
40.920958,-82.951271
40.962787,-82.852164
40.945283,-82.758628
40.9621,-82.85756
40.936508,-82.928674
40.93399,-82.806093
40.950125,-82.802348
32.96619,-97.00666
40.96356,-82.85843
40.959829,-82.848443
41.653728,-83.569138
42.475607,-83.1619492
40.962361,-82.50591
40,82
40.980209,-82.797504
32.96619,-97.00666
43.50703672,79.64639657
43.0390341,-76.1348541
45.50620583,-73.33916865
33.6710029,-101.5309551
37.02,88.34
42.5388,-79.16486
30.6187,96.3365
40.15662,-85.33751
45.0822422,71.6009978
41.05281,-83.017901
37.07339,-88.428153
37.00919288,-88.52678906
37.08856,88.59462
37,88
37.03129297,-88.57128523
41.051219,-82.731662
37.03534,-88.55624
37.03075673,-88.53475339
41.7597,-73.7474
37.021769,-88.533513
37,83
40.96157,-82.85839
41.045409,-83.015316
37.01370446,-88.51017027
36.98739364,-88.51751938
40.587146,-83.315267
41.008733,-82.969733
40.998613,-82.844452
40.950067,-83.179452
40.96032,-82.844744
32.535379,-97.30134
40.780149,-82.568509
40.959574,-82.747653
41.02117,-82.60693
41.43911,82.21662
40.896049,-82.766346
40.96208,-82.848713
34.44002,93.17834
45.404762,-73.957712
41.653728,-83.569138
40.963751,82.859527
41.653728,-83.569138
41.653728,-83.569138
41.653728,-83.569138
41.653728,-83.569138
41.653728,-83.569138
39,119.7674
41.653728,-83.569138
41.653728,-83.569138
41.653728,-83.569138
41.653728,-83.569138
41.653728,-83.569138
41.653728,-83.569138
41.653728,-83.569138
41.653728,-83.569138
41.653728,-83.569138
41.653728,-83.569138
41.65728,-83.5691
41.653728,-83.569138
32.5421,97.3208
41.653728,-83.569138
31.85602,-97.21593
41.653728,-83.569138
41.653728,-83.569138
32.5479,-97.35944
32.3476,97.3867
42.58908,-73.59574
37.55541,90.45739
37.03978,88.57884
37.04330351,-88.55060462
37,88
37.04957298,88.59020738
37.02206,88.34401
37.00309955,88.52133136
37.01186974,88.51460749
32.31,97.19
43.0256,74.986
44.670502,-70.151215
43.02968,-75.00254
32.8409,-96.7819
43.01507,-75.03543
45.4314135,-73.6712818
43.67433,-73.85482
43.02968,-75.00254
43.48399,-75.32533
43.48399,-75.32533
40.2838,85.5816
43.02968,-75.00254
43.48399,-75.32533
43.48399,-75.32533
43.48399,75.32533
43.48399,-75.32533
43.48399,-75.32533
43.48399,-75.32533
43.01507,-75.03543
43.48399,-75.32533
43.48399,-75.32533
42.97149,-75.24999
43.02968,-75.00254
41.14891,81.33508
40.294698,-88.147631
40.146805,-75.22601
40.29474788,-88.147631
40.294698,-88.147631
40.294478,-88.148313
40.294698,-88.147631
40,88.147631
40.19592,85.38754
33,-96
32.9348918,-96.7710117
32.55572056,-97.33390473
40.96898,-81.546742
39.70371993,-86.06157687
32.521401,-97.296799
45.404035,-73.937624
39.2714394,76.7427806
32.54504,-97.327316
45.4047622,-73.9577122
39.713947,-83.880639
45.509387,-73.605767
32.8967869,97.1153197
42.58908,-73.59574
39.978371,-86.118042
38,83
45,-73
41.2108001,-81.3822438
32.8343,97.2289
32.59964,97.31241
35.078218,-106.663006
35.076892,-106.660683
35.078218,-106.663006
35.077001,-106.661174
43.5948,76.04365
35.078218,-106.66087
33.6710029,-101.5309551
35.078218,106.663006
35.07712,-106.66071
35.078218,-106.663006
35.078218,-106.663006
35.07218,-106.663006
44.570211,-73.121779
35.08218,-106.6606
37.86,-122.2
39.9417748,-77.6442944
35.078,-106.663
30.0328,99.0905
30.5111502,-97.7496891
35.078218,-106.663006
35.258262,82.70426
38.0458,123.8585
30.04037,-98.14446
40.12,85.24
30.04272,-98.14704
29.20709,99.7913
35.078218,-106.663006
35.078218,-106.663006
35.078218,-106.663006
40.48146,-85.97114
42.9931,71.4689
35.078218,-106.663006
32.5413804,-97.2668452
40.2359469,83.7956232
35.077007,106.661174
33.6710029,-101.5309551
29.90886,-98.09338
-35.079218,-106.663006
35.078218,106.663006
42,71
40.43,-86.114
32.21655,95.4548
42.947253,-71.436778
35.078218,-106.663006
35.078218,-106.663006
43.1939,71.5724
35.078218,-106.663006
42.9965,71.4548
35.077001,-106.6661174
42.99088,-71.42413
36.97163,88.50792
36.1718,86.785
37.0404,-88.56971
37.01991,88.53145
37.03739,88.59313
37.0501,88.58586
37.064794,88.59392
37.0127,88.3206
35.077153,-106.660702
41.94865,73.82303
35.078218,106.663006
42.947253,71.436778
35.077121,-106.660599
35.077121,-106.660599
35.0771,106.6606
41.92216,-73.90825
40.63124,-75.386357
35.0790057,-106.6621308
36.1,87.08
42.89973,76.74967
42.947253,-71.436778
41.91954095,-73.95348492
41.8725179,-73.922438
42.9956,174.548
32.59372743,-97.40994788
43.02968,-75.00254
38.9267904,-87.7957378
45.663959,-111.0565
45.663959,-111.0565
45.7869159,-111.0806152
45.663959,-111.0565
39.9912,88.3584
45.663959,-111.0565
44.73053,73.04972
29.88367,-98.138868
45.663959,111.0565
43.48399,-75.32533
30.2997535,-98.8467219
43.0387,76.1337
43.48399,-75.32533
43.02968,-75.00254
29.97714,-98.09959
36.99449,88.66258
37.05005966,88.59293263
37.010297,88.532684
37.00797,88.51891
37.05236,88.57435
37.1223,88.5467
37.0833,-88.60005
37.53543,89.245
37.04150547,88.67361953
37.0675,88.745
31.67617,106.2636
43.48399,-75.32533
37.03698,-88.58671
43.48399,-75.32533
37.02591,88.34549
43.48399,-75.32533
43.48399,-75.32533
37.06599,88.58579
43.029668,-75
43.08894,-76.15448
37.04775,88.56981
43.02968,-75.00254
43.94617,-76.11909
37.04638,88.57365
43,-75
44.3629,73.8409
41.087636,-81.515747
42.996,-77.651
33.456,-96.4599
41.697943,81.333464
35.078218,-106.663006
43.11966,-77.88132
43.43,-76.55
34.144225,-94.683184
40.8274,81.379
36.1716,115.1391
34.953998,-93.077169
35.00989,92.79456
35.00989,92.79456
43.43,-76.55
34.80202,92.78331
35.00989,92.79456
37.03614,-88.585857
43.43,-76.55
35.00989,92.79456
37.05352,-88.59024
35.00989,92.79456
35.00989,92.79456
41.136311,84.57919
35.0252716,-93.0440652
43.11771,-77.51404
30.04506,-98.14683
35.00989,92.79456
30.64783,-97.66826
30.02417,-98.17181
43.43,-76.55
29.99853,-98.10626
30.03446,-98.11821
37.9234,-88.52861
30.03652,-98.14354
30.00119,-98.12196
34.8770175,-93.1380109
29.95012,-98.07117
37.044821,-88.580039
30.52833,-98.34764
37.03394,-88.5919
35.00989,92.79456
37.0133839,-88.5349295
43.43,-76.55
37.006094,-88.331571
30,98.11691
30.05855,-98.12348
37.037727,-88.47532
37.03768,-88.56948
37.01381,-88.53557
37.06825,88.5891
37.015676,88.52997
36.86278,-88.35314
36.96634,-88.6052
36.99851,-88.52115
37.09524,-88.58614
37.00558,88.4139
37.0675,-88.735
37.0258,-88.53289
37.006094,-88.331571
43.43,-76.55
38.03593,-88.93363
43.43,-76.55
43.43,-76.55
41.1323,81.3041
44.35022,-74.13919
32.9232076,-96.7305099
44.04199,-73.21258
32.3249,90.1572
43.14535,76.59211
32.5379,97.29322
43.43,-76.55
41.009022,-72.48584
30.00213,-98.17901
39.06664,86.56462
30.035916,-98.07591
43.43,-76.55
41.07878,81.54145
29.948763,-98.151551
29.9788,98.10308
30.05,98.1
41.40338,170.042
41.07878,81.54145
41.07878,81.54145
37.8542,122.0099
45.054519,-72.840765
38.2975,122.2869
43.43,-76.55
37.8542,122.0099
41.07878,81.54145
45.47790765,-73.8431258
0,0
43,-78
41.4505174,-81.8291629
45.054519,-72.840765
29.97745,-98.16089
41.49,79.12
43.43,-76.55
43.43,-76.55
45.40681,73.93913
31.735465,-96.547721
36.801927,-90.991624
43.07925,-79.95117
41.1787973,-81.6296005
41.0148,-81.26139
40.580205,84.18077
46.7426705,-67.9548206
40.68001,86.20586
44.243376,-76.0862198
40.48296,85.97266
32.3249,90.1572
41.94237,-73.85864
32.62663,96.76336
41.57413,81.41821
37.72571303,89.903397
37.3474772,-89.5659837
38.415758,90.368299
45.40437,-73.9415848
29.5087198,-95.1123477
42.53146,77.04117
37.0862,76.3809
41.6981,-81.33705
40.6391,-84.10294
45.520541,-73.412361
45.53313456,-73.32988697
41.03402,-82.51783
45.405034,-73.958482
40.8274,81.379
39.950263,-77.65669
45.4276,73.8212
41.7597,-73.7474
40.49327,85.79987
32.8094,97.4498
44.403761,-72.022826
32.5360234,-95.8496736
38.69577,-79.53223
37.915825,-89.892262
45.50962812,-73.57650413
43.36299,-86.13219
39.9011033,-74.9448657
37.2945364,-89.539174
0,0
37.086678,88.60405
42.1173729,-80.1168795
35.1042773,-93.6480633
33.148473,95.601458
39.442,-87.404
40.07839745,-75.66480142
45.504653,-73.579532
34.2158,89.2911
40.07849596,-75.66481214
42.58,-76.44
25.53554908,-103.5428449
43.88,-75.44
43.1446,77.2713
41.08762,-81.51577
44.63655,-75.61519
25.54389,-103.41898
39.50985,84.72859
41.08764,-81.51576
31.855833,-97.21833
45.4771343,-73.3993058
44.8926722,-73.90544
39.870143,-86.132726
41.395,82.5552
21.135163,86.838834
19.380207,-99.165474
44.961628,-72.413165
25.5310063,-103.4371298
43.13198,-79.19794
44.4773486,-73.221064
35.49138,-91.97441
41.6879,71.1345
40.7812,73.2462
44.87396,-71.04536
40.7812,73.2462
40.7812,73.2462
40.7812,73.2462
40.7812,73.2462
40.7812,73.2462
40.812,73.2462
40.7812,73.2462
40.7812,73.2462
40.7812,73.2462
40.7812,73.2462
40.7812,73.2462
40.7812,73.2462
40.7812,73.2462
43.51767,-75.92738
40.7812,73.2462
40.7812,73.2462
40.7812,73.2462
43.48022,-76.04708
40.4567689,-80.0562864
39.47436,-84.41936
43.65064,-76.08907
37.0209,93.206
41.32378,-81.63275
40.46,180
40.7812,73.2462
40.7812,73.2462
40.7812,73.2462
40.7812,73.2462
40.7812,73.2462
40.7812,73.2462
40.668152,-86.24958
44.776834,-71.658186
42.285492,-83401704
28.5494,81.7729
45.7368602,-77.1904376
38.66817,-86.9292
30.04009,-98.20929
30.01208397,-98.01106838
40.66716,86.24953
40.448405,-80.049499
34.419609,-93.086877
41.55,73.55
29.889025,-98.05252
44.3805,74.2034
39.8366,-75.77667
45.0769,93.254
40.7812,73.2462
40.7812,73.2462
40.7812,73.2462
40.7812,73.2462
40.7812,73.2462
40.7812,73.2462
43.2671447,-71.95989723
40.7812,73.2462
40.7812,73.2462
40.7812,73.2462
43.39749,-76.02206
43.40019,-75.98032
34.63194,93.47269
40.4567689,-80.0562864
43.41633,-76.15481
39.79512,-86.237342
45.4053074,-73.9416109
45.3,73.33
38.319221,-88.925255
40.4567689,-80.0562864
44.59,73.01
41.8745269,-73.6935889
40.448405,-80.049499
40.44805,-80.049499
40.448405,-80.049499
40.448405,-80.049499
41.088171,-74.267284
40.448405,-80.049499
40.448405,-80.049499
40.448405,-80.049499
40.448405,-80.049499
40.448405,-80.049499
45.50222457,-73.58370445
40.448405,-80.049499
40.4484,-80.049499
40.7807,86.37463
41.63183595,-87.59729995
41.49479,-83.4492
37.08722554,-88.63982423
32.83784,83.683
43.874168,-79.258743
38.7464,94.82705
41.87254786,-73.92238436
43.20998,77.95121
30.12622,98.0915
41.920126,-73.952128
41.137329,-84.580757
43.12241,-77.33441
42.42045,-71.2371
41.93121517,-73.91583365
41.90708,73.88427
41.93164066,-73.91135055
40.02,-77.31
41.93177635,-73.91139883
41.137329,-84.580757
30.35739229,-97.7113267
36.7783,119.4179
43.03218,-78.24865
40.448405,-80.049499
32.5825466,-97.33105549
40.448405,-80.049499
40.448405,-80.049499
40.448405,-80.049499
40.448405,-80.049499
40.448405,-80.049499
44.38368,-73.82292
40.448405,-80.049499
40.448405,-80.049499
40.448405,-80.049499
40.448405,-80.049499
40.448405,-80.049499
40.448405,-80.049499
43.33,-75.89882
40.448405,-80.049499
40.448405,-80.049499
40.7812,73.2462
39.69079014,-83.9274514
45.7248,-68.8509
40.7812,73.2462
40.7812,73.2462
40.7812,73.2462
40.7812,73.2462
40.7812,73.2462
40.7812,73.2462
40.7812,73.2462
40.7812,73.2462
40.7812,73.2462
40.7812,73.2462
40.7812,73.2462
40.7812,73.2462
39.7809085,-84.1687763
43.36871,-75.93234
39.765,87.23
41.4790732,-82.1094768
43.45424,-75.94088
41.653728,-83.569138
41.653728,-83.569138
41.653728,83.569138
41.653728,-83.569138
41.653728,-83.569138
41.653728,-83.569138
41.653728,-83.569138
41.653728,-83.569138
41.653728,-83.569138
41.653728,-83.569138
40.4567689,80.0562864
41.653728,-83.569138
41.653728,-83.569138
41.653728,-83.569138
41.653728,-83.569138
41.563728,-83.569138
43.335185,-75.92764
31.85632,97.73024
41.32766,-85.69758
44.21987362,-74.43839217
43.35187,-75.92766
42.2452,-83.6086
42.24696,83.62493
40.968251,-81.545883
32.26263,-96.10634
45,73
31.06,-98.18
41.8858899,88.1093072
41.88599,88.1093072
41.8858899,88.1093072
41.8858899,88.1093072
34.4178785,-93.6197584
40.19007,-86.04877
43.1683,-91.8666
32.34547,-97.40359
30.02956,-98.31444
41.017044,-81.360152
45.04948,75.52586
41.8858899,88.1093072
45.4064,73.9417
39.5151,84.3983
0,0
35.04,106.39
44.51575,73.09133
33.12874,-95.61881
43.0873045,-77.5941091
33.576141,-96.1905713
40.481205,-86.141815
40.748713,-84.136104
29.20755646,-99.7908914
29.9012797,-98.4129825
42.9338,76.56718
37.54343,-88.71383
32.1795,-97.767187
43.3272,78.036
40.59206,80.07239
40.78008,81.92873
40.11428,-86.044792
32.1795,-97.767187
36.7783,119.4179
32.1795,-97.767187
32.1795,-97.767187
30.266666,97.7333
32.1795,-97.767187
35.951767,-95.65081
31.053038,-97.640924
39.47436,84.41936
45.42503545,-73.82553074
34.48128,-93.06248
37.972671,-87.569038
42.2665,79.9569
44.528992,-73.417858
45,73
35.04,106.39
44.6643,-74.9759
45.328062,-73.981849
30.57057,-99.59265
34.3211,92.5748
45.404931,-73.958095
35.64464,92.52552
43.034659,-76.135534
35.64464,92.52552
43.1035721,-76.2169369
34.253,-93.1486
39.955352,-84.180375
38.959438,-84.387939
83.875,39.713
25.430263,-102.8687414
45.448651,-73.817095
31.650682,-97.140435
45.5055055,-73.5799851
29.893817,-97.999202
32.526,-97.323
44.3486362,-74.1452925
41.07878,81.54145
40.7572891,-73.2939845
40.7572891,-73.2939845
40.7572891,-73.2939845
40.7572891,-73.2939845
40.7572891,-73.2939845
40.7476058,-73.2973363
40.7572891,-73.2939845
40.7572891,-73.2939845
40.7572891,-73.2939845
40.7572891,-73.2939845
40.7572891,-73.2939845
30.08163491,-98.1899521
41.07878,81.54145
43.39429,-76.06846
41.07878,81.54145
41.07878,81.54145
41.07878,81.54145
34.53524,-93.18856
41.07878,81.54145
41.07878,81.54145
41.07878,81.54145
41.07878,81.54145
41.07878,81.54145
41.07878,81.54145
41.07878,81.54145
41.07878,81.54145
41.07878,81.54145
41.07878,81.54145
42.257856,85.192494
41.07878,81.54145
43.39019,-76.015
41.07878,81.54145
41.07878,81.54145
41.07878,81.54145
41.07878,81.54145
41.07878,81.54145
41.07878,81.54145
41.07878,81.54145
37.18298,89.66128
40.08656445,86.07899179
41.07878,81.54145
41.07878,81.54145
30.57021,-98.27621
40.44805,-80.049499
44.961628,-72.413165
41.07878,81.54145
40.448405,-80.049499
40.4864,86.1336
40.448405,-80.049499
40.4567689,-80.0562864
40.448405,-80.049499
28.62711,-100.41922
41.07878,81.54145
28.691411,-100.46672
40.448405,-80.049499
40.448405,-80.049499
40.448405,-80.049499
40.448405,-80.049499
40.448405,-80.049499
40.448405,-80.049499
40.448405,-80.049499
40.448405,-80
40.448405,-80.049499
40.448405,80.049499
41.40338,-50.8982381
30.8753,170.042
28.7091,100.4995
24.69473,-100.47596
40.44805,-80.049499
28.659306,-100.439459
42.88023,-78.878738
28.159306,-100.439459
40.4567689,-80.0562864
28.536644,-100.317704
41.2228738,-81.5115027
41.07878,81.54145
43.1847567,-77.9243805
0,0
32.5698,97.3912
40.4567689,-80.0562864
43.8384,73.7618
28.65207,-100.42654
40.4567689,-80.0562864
40.7572891,-73.2939845
40.75722891,-73.2939845
40.7572891,-73.2939845
40.7572891,-73.2939845
40.7572891,-73.2939845
40.7572891,-73.2939845
40.7572891,-73.2939845
40.7572891,-73.2939845
40.7572891,-73.2939845
40.7572891,-73.2939845
40.12789988,71.00987644
40.7572891,-73.2939845
40.4567689,-80.0562864
40.7572891,-73.2939845
40.7572891,-73.2939845
40.7572891,-73.2939845
40.7572891,-73.2939845
30.0743,-99.23651
42.868,76.9856
42.2137,77.9392
28.70399,100.489112
28.67431,-100.47732
28.6754,-100.4887
37.86,-122.02
37.86,-122.02
30.08519,-98.13157
37.86,-122.02
37.86,-122.02
37.86,-122.02
37.86,-122.02
37.66,-122.02
30.04292,-98.14712
43.43,-76.55
37.66,-122.02
37.66,122.02
37.86,-122.02
37.86,122.02
86,122
40.448405,-80.049499
37.86,-122.02
30.04945,-98.09602
32.5147,-97.2768
32.5147,-97.2768
43.43,-76.55
37.86,-122.02
41.81749845,-73.77043597
31.7038,98.1239
32.58640985,-97.29887342
28.70137,-100.46787
28.663,-100.42053
28.9043415,-100.5902564
43.43,-76.55
28.72013,-100.48108
41.03361,85.00986
37.3612,89.1659
28.68554,-100.46744
26.67539,100.47798
28.704615,-100.488124
28.64628,-100.47673
30.544,-97.907
41.8858899,88.109307
41.8858899,88.109307
37.85,-122.02
41.8858899,88.109307
37.86,-122.02
37.86,-122.02
37,-122
37.858192,122.0198514
37.85705,122.020049
37.858192,122.0198514
37.8502,122.0322
37.858192,122.0198514
37,-122
41.8858899,88.109307
37.66,-122.02
24.5337652,-104.813026
32.649,-96.74
43.43,-76.55
41.92255,73.91164
39.02689114,-86.93775956
40.7751301,73.2623227
40.7475611,-73.2832854
40.7758627,-73.263324
43.43,-76.55
43.43,-76.55
37.97315,87.56862
43.43,-76.55
43.43,-76.55
30.04037,-98.14446
41.417836,-81.950689
30.03126,-98.17555
43.42188,-76.05045
44.4784,-72.9913
37.70915,-88.1537
43.50027,-75.99784
45.407667,73.93825
43.38202,-75.9092
43.098675,77.44194
43.48926,-75.90094
45.4029988,-73.939552
34.70282,95.57742
37.86,-122.02
37.86,-122.02
37.86,-122.02
37.86,-122.02
37.86,-122.02
37.86,-122.02
37.86,-122.02
37.86,-122.02
37.86,-122.02
37.86,-122.02
37.86,-122.02
37.86,-122.02
37.86,-122.02
37.86,-122.02
43.5406511,75.9870817
28.6487562,-100.4223384
37.86,-122.02
31.11661,97.46925
37.86,122.02
28.699034,100.490532
28.7020595,-100.4977568
28.693423,-100.482271
28.698972,-100.487469
41.9173,72.4582
45.403889,-73.9525
41.89457,-73.78214
44.9359195,-73.9178177
43.78261,-74.2652
41.920115,-73.952025
37.06,-128.02
37.86,-122.02
37.86,-122.02
37.86,-122.02
37.86,-122.02
37.86,-122.02
37.8571,122.0201
37.86,-122.02
37.86,-122.02
37.86,-122.02
37.86,122.02
40.479602,-85.748867
37.9101,122.0652
37.85642455,-122.0210956
-37.86,-122.02
37.86,-122.02
37.86,-122.02
37.89,-122.02
37.86,-122.02
37.88,-122.02
37.86,-122.02
37.86,-122.02
37.86,-122.02
30.05606,-97.99307
30.02417,-98.17181
42.4607,-73.67957
28.701266,-100.46746
28.68289,-100.46184
28.6745,-100.47198
28.68507,-100.48528
28.6938,-100.48123
28.696991,-100.48761
28.67814,-100.47443
28.6763353,-100.4776391
28.66503,-100.415572
28.6824019,-100.4868395
29,-101
45.24,73.55
41.8858899,88.1093072
41.8858899,88.1093072
43.43,-76.55
41.8858899,88.1093072
30.52833,-98.34764
43.45428,-75.94099
43.2104,77.9508
34.77267,-92.351324
44.63747,-74.98142
38.99379147,-76.8566308
41.8858899,88.1093072
35.6145,88.8139
41.697115,-86.013184
37.86,-122.02
37.86,-122.02
37.86,-122.02
37.86,-122.02
37.86,-122.02
45.24,-73.56
37.86,-122.02
41.38618,-81.75463
0,0
37.86,122.02
37.86,122.02
0,0
37.86,122.02
37.856772,-122.020575
37.86,-122.02
37.86,-122.02
37.86,-122.02
37.86,-122.02
37.86,-122.02
37.86,122.02
39.737467,-84.02176
37.86,-122.02
37.86,-122.02
45.49002567,-73.5605377
32.83336,-97.272
45.24,73.55
41.3679733,-81.771604
45.41423694,-73.94385963
29.96879581,-98.15449016
39.83312,-85.30826
45.18678,73.40923
35.782132,-83.965264
37.86,-122.02
37.86,-122.02
37.86,122.02
28.69365,-100.480923
37.86,-122.02
37.86,-112.02
37.86,-122.02
37.86,122.02
37.86,-122.02
37.86,-122.02
45.43617,-73.70937
35.2894316,-82.7642812
45.3632444,-72.2347752
37.9787,90.0476
41.30167,-82.58415
44.126694,-64.61668
35.526,-91.994
45.435328,73.52164
35.69749255,-92.38446841
45.5019,73.5674
44.22853,73.48122
41.40338,-82.17403
30.3457556,-98.1400151
43.03475,76.13557
30.3368,98.1406
0,0
45.40429,73.93457
45.5055,-73.577122
43.236654,-80.327974
43.24049,-79.12488
45.402902,-73.940217
47.0043,122.5398
39.75580506,-84.21170124
45.40477,73.95655
35.26721,82.65285
19.42847,-99.12766
44.2880029,-78.7378211
0,0
42.49385,80.18321
41.146463,-81.343356
33.15380572,-96.72631483
37.97315,87.56862
45.4064,73.9417
30.186303,-97.981433
44.538,-72.654
37.6289,89.1432
25.547842,-103.390319
23.6889,87.6838
34.440447,-93.175653
44.426956,-72.6923253
42.154143,-80.036876
41.250887,-81.134991
41.49,-81.55
37.764649,-90.59773
42.26418,-77.8163
32.8419,95.9937
44.2395,76.085801
37.04217559,-88.2678995
32.8830679,-97.1276935
30.24778,98.62226
30.29,97.44
41.697943,81.333464
35.2470213,-91.7371595
41.018171,-84.055382
46.6848,67.87481
38.48651,-89.85468
37.453298,-91.687018
29.67384,-98.641327
39.749,-86.141
29.6148607,-99.5305562
40.19475,85.39248
42.259376,-81.848438
43.36810973,-79.72831976
36.01126,92.68791
40.174216,-83.174689
42.996,-77.651
37.53,-89.174
41.33882167,-83.4945766
42.99,-77.651
44.4773486,-73.221064
42.4263,-76.4627
43.24387,80.04089
30.326,-98.8452
35.157287,-92.730227
33,84
30.274058,-98.871822
29.802474,-99.171529
33.2578064,-117.4136155
38.242,90.2336
45.4215,-75.691
34.30779,-93.03184
43.219297,-78.573598
32.65823,85.38559
34.5169206,-93.0525704
32.65823,85.38559
32.65823,85.38559
32.65823,85.38559
40.9692,-81.5569
29.64154,95.62552
25.4272929,-102.8893695
39.787504,-84.183176
44.08533,-76.14124
39.3338574,-77.0717101
54.9496689,-158.57924
40.77802,-84.19495
42.002504,-82.36088
41.11004759,-81.12332722
36.63322,-91.04365
38.3726,85.9864
32.752582,-97.145025
44.85581,-73.71826
41.37857,-83.67394
34.502556,-93.065975
41.567835,-75.408438
43.2365126,-79.7681338
30.341065,-97.75906
32.1795,-97.797187
46.937207,-67.901848
44.36253505,-72.42040192
40.2406727,-83.356518
37.53,-89.25
41.3810753,-83.6755355
32.1795,-97.797187
43.5989,-70.3699
43.088037,-79.074831
32.75439,-97.69915
46.126,-67.84
41.3137,81.7246
34.34907,-93.63807
35.92188,78.75751
39.51148,84.71477
32.156236,-97.795351
41.2654574,-82.3256264
29.8023463,-98.3974526
39.56,85.57
30.3254515,-98.8458519
32.15765,-97.79546
32.157882,-97.795536
32.156236,-97.795351
44.83233,75.31302
29.761549,-100.720715
30.48749,-98.09845
32.1795,-97.797187
32.156233,-97.795311
43.11973,-77.88136
32.157882,-97.795536
46.868735,98.136485
40.101066,-75.422523
32.157882,-97.795536
37.62845,-89.00324
32.157882,-97.795536
42.19086855,-71.21153111
43.09616,-78.94686
29.585,-99.742
32.8288,-96.6842
42.74028,-76.7005
29.24006,99.78955
40.621437,-73.279445
40.7739,82.3643
32.20057,-95.76102
43.449,76.556
31.84405,100.9803
43.088947,-76.15448
30.057164,99.16426
41.15444,81.740658
31.84405,100.9803
35.46618,-93.518918
44.68124,73.4772
32.536361,97.356333
32.93202,-95.65305
43.1763,76.1142
39.9899874,-104.7539607
30.3254519,-98.8458519
44.246841,-73.141805
40.9150652,-83.9768858
39.43721,-87.65972
41.13639,81.48425
43.06752,-77.304969
32.5529919,-97.0887978
44.07972,73.482439
40.82667,77.93054
37.708212,-89.215561
29.488274,-98.404842
45.19032,-72.055553
31.1389,-97.5414
19.432608,-99.133209
41.3103567,-80.7450177
32.77622,97.09121
29.479753,-98.420154
25.32,103.14
40.06052,-86.15139
45.04598,-73.56753
29.4069191,-98.5508998
32.72707,-97.36379
41.786667,-81.1825
39.99206,85.69487
23.211609,-106.421783
30.24816,99.08813
23,106
41.088,-81.516
24.026958,-104.688111
34.476932,-92.2172736
42.275221,-83.756312
34.4245,93.0952
31.85602,-97.21593
33.034022,-96.747533
41.07144,-81.54194
43.761389,71.692742
42.135472,-75.915092
39.716923,-83.8721267
38.3,86.27
44.03,-73.03
38.722864,-87.833534
38.3,86.27
39.3153547,-77.6299018
36.231466,-96.901989
40.6130853,-80.0855788
41.2147,-81.530206
29.488274,-98.404842
29.496582,-98.363973
41.62354,-75.9591
40,87
29.560087,-98.4587
41.62804,-70.95526
37.930556,-89.841389
41.73438,71.339
42.59158999,-80.41748943
35.9283,-87.318958
32.800226,-96.658209
31.135517,-99.33506
41.73434,71.33904
42.61543,-80.46165
29.375115,-98.6409938
44.6643,-74.9759
39.45062325,-86.86191825
20.6433928,-103.3044299
32.948211,96.813131
30.3772288,-99.7617891
38.97676,-76.31897
29.585,-99.742
43.03475,76.13557
41.378866,-82.487673
32.38008,96.67301
32.38008,-96.67301
25.53540346,-103.4354358
32.38008,96.67301
32.38008,96.67301
32.38008,-96.67301
32.38008,-96.67301
19.33281,-99.184235
32.38008,-96.67301
39.986634,86.029705
36.8324897,-119.8662875
36.98754,-91.74248
38.86596,-90.09302
38.82756,-90.05454
38.5645327,-90.1336871
38.927099,-90.195543
39.86065,84.29457
38.005963,-90.202687
38.608539,-90.016237
32.6724374,-97.4200958
39.713261,-83.874911
45.36431,-73.856548
23.2626803,-106.4667644
30.57733,-97.4084
29.5075318,-98.7057417
29.81681,99.57061
44,72
31.92615477,-97.18701629
40.02653,85.99838
33.12911,96.06161
30.681449,-98.351697
37.7791,80.245364
39.29342,84.69485
41.88211619,-73.80391968
31.92615477,-97.18701629
41.89153701,-73.91062101
31.68835,-94.33725
44.93047,-73.12602
41.9318,73.9074
41.165299,-83.095976
31.650131,95.07381
34.6155179,-93.185153
44.253,-73.971
29.2256,99.77979
29.22517,99.7782
29.59,98.12
40.3931,-84.376
30.671944,96.316111
31.856111,97.731389
32.2825,-96.62326
30.671544,96.316111
30.671944,96.316111
31.926167,-97.186927
29.889025,-98.05252
43.43,-76.55
29.221033,-99.745105
43.90171,-76.12629
29.424349,-98.491142
30.671944,96.316111
30.671944,96.316111
32.5313,-97.35931
32.51335,-97.34168
30.671944,-96.316111
30.671944,96.31611
30.671944,96.316111
30.671944,96.316111
35.908226,-92.660698
32.56531,-97.34627
38.953899,-77.013817
32.46222,-97.28703
40.7812,73.2462
32.5421,97.3208
32.3968,97.3239
38.449638,-91.01033
42.5947,71.2749
32.36225,-97.2265
43.51828,75.16531
32.9220256,-96.7323473
38.465401,-82.21946
32.52003,-97.35954
32.57005,-97.34067
37.3199166,-79.2344137
40.83506838,-83.2849677
23.2372721,-106.2623248
50.682409,17.888369
31.8561111,-97.73138889
30.67313,-96.31481
30.671944,96.316111
31.85675,97.7296
-30.671944,96.316111
31.85679,97.7296
-30.671944,96.316111
30.67459,96.08993
30.67313,-96.31481
31.85679,97.7296
30.671944,96.316111
30.671944,-96.316111
30.4019,96.1851
30.6,-96.31
29.70444,98.16155
37.22,90.49
32.56467,-97.298401
31.85679,97.7296
30.671944,96.316111
32.52255,-97.33893
33.02568,-97.02057
38.6529593,-87.1546719
31.92609,97.1869
39.88835,79.8727
34.029026,-95.256463
43,79
37.13324,-89.66422
33.128739,-95.618814
30.671944,96.316111
30.671944,96.316111
-30.671944,96.316111
32,-97
30.671944,96.316111
31.115596,-97.335163
30.671944,96.316111
30.672778,96.304167
-30.671944,-96.316111
30.671944,96.316111
30.703611,96.436389
31,92
30.671944,96.316111
30.671944,96.316111
30.671944,96.316111
34.2414177,-93.1792024
34.011547,-95.485634
32.822,-96.719
32.1795,-97.797187
46.00989758,-68.26535983
32.538624,-97.33079
34.2414223,93.1792233
38.318805,-88.940261
35.25273,-91.67628
34.2414223,-93.1792233
32.5529919,-97.0887978
29.48,99.4
44.25254,74.47156
29.09238,-82.29576
0,0
0,0
0,0
0,0
38.67954,-84.33645
41.5749979,-80.4632285
44.699,-73.452911
40.198981,-85.406141
30,97
30.3596,97.70779
39.5,85.25
40.03885,-86.15959
44.61479,-72.65532
41.86,-86.67
39.36834,-84.32959
45.6157393,-67.938104
32.59028,-97.30014
39.1524,-85.0549
20.5,99.04
40.66782,-73.61673
40.97801,-73.77436
0,0
30.701527,-97.685705
30.3691416,-97.9715993
31.1652,96.6769
42.84475,77.25859
44.2309,76.4599
45.500055,-73.4931514
32.5421,97.3208
30.3254519,-98.8458519
23.2358959,-106.4400959
41.8037,80.0564
30.35978,97.70919
36.5158038,-91.5397704
31.230291,-97.4706555
43.19031,-76.27526
40.78008,81.92873
41.124514,-82.970394
32.5421,97.3208
30.3254519,-98.8458519
42.0977,80.0765
38.9266934,-76.9112983
43.98661315,-75.60269313
41.648,81.5517
44.224,74.4641
38.7374322,-88.0902833
31.43904,97.40709
40.96,-81.55
41.42854,81.6896
44.24,74.4641
44.3509771,-76.0657391
41.133018,-81.790169
44.7731,-71.128
43.9037,-74.9099
44.174598,-76.6245804
45.56594191,-122.827233
0,0
40.6083387,-80.079175
33.020559,-95.973988
42.3203,-71.08122
35.9898375,-78.9134699
30.37,97.38
32.483448,97.366685
32.7965,117.079
41.3777,83.6495
33.68112,-96.616587
37.72727,-89.21675
37.769899,-122.466619
23.1790105,-106.424527
45.08266,-70.29772
33.058,-96.801
